File name,Number of rows,Number of columns,Column names,Missing-value counts,Duplicate-row count,Sample-data indicator,Key entities/OEMs represented,Platforms represented,Date range,Recommended role in the final project
files/adoption_barriers.csv,18,7,"[""barrier_category"",""metric_or_claim"",""value"",""comparison_baseline"",""year"",""source_url"",""source_date""]","{""barrier_category"":0,""metric_or_claim"":0,""value"":0,""comparison_baseline"":3,""year"":0,""source_url"":0,""source_date"":0}",0,"No; research/AI-compiled claims, but one row cites prompt text and source concentration requires verification","No row-level OEMs; India e-bus ecosystem, government schemes, operators/financiers generally",Web research sources; government/consulting/market-report pages; one X post,Claim years 2024–2026; source dates 2024-10-11 to 2026-07-08,Reference evidence table only after source-level validation
files/dataset_instagram-post-scraper_2026-07-08_06-00-31-568.csv,26,400,"[""alt"",""audioUrl"",""caption"",""childPosts/0/alt"",""childPosts/0/caption"",""childPosts/0/commentsCount"",""childPosts/0/dimensionsHeight"",""childPosts/0/dimensionsWidth"",""childPosts/0/displayUrl"",""childPosts/0/firstComment"",""childPosts/0/id"",""childPosts/0/likesCount"",""childPosts/0/originalHeight"",""childPosts/0/originalWidth"",""childPosts/0/ownerId"",""childPosts/0/ownerUsername"",""childPosts/0/shortCode"",""childPosts/0/timestamp"",""childPosts/0/type"",""childPosts/0/url"",""childPosts/1/alt"",""childPosts/1/caption"",""childPosts/1/commentsCount"",""childPosts/1/dimensionsHeight"",""childPosts/1/dimensionsWidth"",""childPosts/1/displayUrl"",""childPosts/1/firstComment"",""childPosts/1/id"",""childPosts/1/likesCount"",""childPosts/1/originalHeight"",""childPosts/1/originalWidth"",""childPosts/1/ownerId"",""childPosts/1/ownerUsername"",""childPosts/1/shortCode"",""childPosts/1/timestamp"",""childPosts/1/type"",""childPosts/1/url"",""childPosts/2/alt"",""childPosts/2/caption"",""childPosts/2/commentsCount"",""childPosts/2/dimensionsHeight"",""childPosts/2/dimensionsWidth"",""childPosts/2/displayUrl"",""childPosts/2/firstComment"",""childPosts/2/id"",""childPosts/2/likesCount"",""childPosts/2/originalHeight"",""childPosts/2/originalWidth"",""childPosts/2/ownerId"",""childPosts/2/ownerUsername"",""childPosts/2/shortCode"",""childPosts/2/timestamp"",""childPosts/2/type"",""childPosts/2/url"",""childPosts/3/alt"",""childPosts/3/caption"",""childPosts/3/commentsCount"",""childPosts/3/dimensionsHeight"",""childPosts/3/dimensionsWidth"",""childPosts/3/displayUrl"",""childPosts/3/firstComment"",""childPosts/3/id"",""childPosts/3/likesCount"",""childPosts/3/originalHeight"",""childPosts/3/originalWidth"",""childPosts/3/ownerId"",""childPosts/3/ownerUsername"",""childPosts/3/shortCode"",""childPosts/3/timestamp"",""childPosts/3/type"",""childPosts/3/url"",""coauthorProducers/0/__typename"",""coauthorProducers/0/full_name"",""coauthorProducers/0/id"",""coauthorProducers/0/is_unpublished"",""coauthorProducers/0/is_verified"",""coauthorProducers/0/pk"",""coauthorProducers/0/profile_pic_url"",""coauthorProducers/0/username"",""coauthorProducers/1/__typename"",""coauthorProducers/1/full_name"",""coauthorProducers/1/id"",""coauthorProducers/1/is_unpublished"",""coauthorProducers/1/is_verified"",""coauthorProducers/1/pk"",""coauthorProducers/1/profile_pic_url"",""coauthorProducers/1/username"",""commentsCount"",""dimensionsHeight"",""dimensionsWidth"",""displayUrl"",""firstComment"",""hashtags/0"",""hashtags/1"",""hashtags/2"",""hashtags/3"",""hashtags/4"",""id"",""images/0"",""images/1"",""images/2"",""images/3"",""inputUrl"",""isCommentsDisabled"",""isPinned"",""latestComments/0/id"",""latestComments/0/likesCount"",""latestComments/0/owner/full_name"",""latestComments/0/owner/id"",""latestComments/0/owner/is_mentionable"",""latestComments/0/owner/is_private"",""latestComments/0/owner/is_verified"",""latestComments/0/owner/latest_reel_media"",""latestComments/0/owner/profile_pic_id"",""latestComments/0/owner/profile_pic_url"",""latestComments/0/owner/username"",""latestComments/0/ownerProfilePicUrl"",""latestComments/0/ownerUsername"",""latestComments/0/replies"",""latestComments/0/repliesCount"",""latestComments/0/text"",""latestComments/0/timestamp"",""latestComments/1/id"",""latestComments/1/likesCount"",""latestComments/1/owner/full_name"",""latestComments/1/owner/id"",""latestComments/1/owner/is_mentionable"",""latestComments/1/owner/is_private"",""latestComments/1/owner/is_verified"",""latestComments/1/owner/latest_reel_media"",""latestComments/1/owner/profile_pic_id"",""latestComments/1/owner/profile_pic_url"",""latestComments/1/owner/username"",""latestComments/1/ownerProfilePicUrl"",""latestComments/1/ownerUsername"",""latestComments/1/replies"",""latestComments/1/repliesCount"",""latestComments/1/text"",""latestComments/1/timestamp"",""latestComments/2/id"",""latestComments/2/likesCount"",""latestComments/2/owner/full_name"",""latestComments/2/owner/id"",""latestComments/2/owner/is_mentionable"",""latestComments/2/owner/is_private"",""latestComments/2/owner/is_verified"",""latestComments/2/owner/latest_reel_media"",""latestComments/2/owner/profile_pic_id"",""latestComments/2/owner/profile_pic_url"",""latestComments/2/owner/username"",""latestComments/2/ownerProfilePicUrl"",""latestComments/2/ownerUsername"",""latestComments/2/replies"",""latestComments/2/repliesCount"",""latestComments/2/text"",""latestComments/2/timestamp"",""latestComments/3/id"",""latestComments/3/likesCount"",""latestComments/3/owner/full_name"",""latestComments/3/owner/id"",""latestComments/3/owner/is_mentionable"",""latestComments/3/owner/is_private"",""latestComments/3/owner/is_verified"",""latestComments/3/owner/latest_reel_media"",""latestComments/3/owner/profile_pic_id"",""latestComments/3/owner/profile_pic_url"",""latestComments/3/owner/username"",""latestComments/3/ownerProfilePicUrl"",""latestComments/3/ownerUsername"",""latestComments/3/replies"",""latestComments/3/repliesCount"",""latestComments/3/text"",""latestComments/3/timestamp"",""latestComments/4/id"",""latestComments/4/likesCount"",""latestComments/4/owner/full_name"",""latestComments/4/owner/id"",""latestComments/4/owner/is_mentionable"",""latestComments/4/owner/is_private"",""latestComments/4/owner/is_verified"",""latestComments/4/owner/latest_reel_media"",""latestComments/4/owner/profile_pic_id"",""latestComments/4/owner/profile_pic_url"",""latestComments/4/owner/username"",""latestComments/4/ownerProfilePicUrl"",""latestComments/4/ownerUsername"",""latestComments/4/replies"",""latestComments/4/repliesCount"",""latestComments/4/text"",""latestComments/4/timestamp"",""latestComments/5/id"",""latestComments/5/likesCount"",""latestComments/5/owner/full_name"",""latestComments/5/owner/id"",""latestComments/5/owner/is_mentionable"",""latestComments/5/owner/is_private"",""latestComments/5/owner/is_verified"",""latestComments/5/owner/latest_reel_media"",""latestComments/5/owner/profile_pic_id"",""latestComments/5/owner/profile_pic_url"",""latestComments/5/owner/username"",""latestComments/5/ownerProfilePicUrl"",""latestComments/5/ownerUsername"",""latestComments/5/replies"",""latestComments/5/repliesCount"",""latestComments/5/text"",""latestComments/5/timestamp"",""latestComments/6/id"",""latestComments/6/likesCount"",""latestComments/6/owner/full_name"",""latestComments/6/owner/id"",""latestComments/6/owner/is_mentionable"",""latestComments/6/owner/is_private"",""latestComments/6/owner/is_verified"",""latestComments/6/owner/latest_reel_media"",""latestComments/6/owner/profile_pic_id"",""latestComments/6/owner/profile_pic_url"",""latestComments/6/owner/username"",""latestComments/6/ownerProfilePicUrl"",""latestComments/6/ownerUsername"",""latestComments/6/replies"",""latestComments/6/repliesCount"",""latestComments/6/text"",""latestComments/6/timestamp"",""latestComments/7/id"",""latestComments/7/likesCount"",""latestComments/7/owner/full_name"",""latestComments/7/owner/id"",""latestComments/7/owner/is_mentionable"",""latestComments/7/owner/is_private"",""latestComments/7/owner/is_verified"",""latestComments/7/owner/latest_reel_media"",""latestComments/7/owner/profile_pic_id"",""latestComments/7/owner/profile_pic_url"",""latestComments/7/owner/username"",""latestComments/7/ownerProfilePicUrl"",""latestComments/7/ownerUsername"",""latestComments/7/replies"",""latestComments/7/repliesCount"",""latestComments/7/text"",""latestComments/7/timestamp"",""latestComments/8/id"",""latestComments/8/likesCount"",""latestComments/8/owner/full_name"",""latestComments/8/owner/id"",""latestComments/8/owner/is_mentionable"",""latestComments/8/owner/is_private"",""latestComments/8/owner/is_verified"",""latestComments/8/owner/latest_reel_media"",""latestComments/8/owner/profile_pic_id"",""latestComments/8/owner/profile_pic_url"",""latestComments/8/owner/username"",""latestComments/8/ownerProfilePicUrl"",""latestComments/8/ownerUsername"",""latestComments/8/replies"",""latestComments/8/repliesCount"",""latestComments/8/text"",""latestComments/8/timestamp"",""latestComments/9/id"",""latestComments/9/likesCount"",""latestComments/9/owner/full_name"",""latestComments/9/owner/id"",""latestComments/9/owner/is_mentionable"",""latestComments/9/owner/is_private"",""latestComments/9/owner/is_verified"",""latestComments/9/owner/latest_reel_media"",""latestComments/9/owner/profile_pic_id"",""latestComments/9/owner/profile_pic_url"",""latestComments/9/owner/username"",""latestComments/9/ownerProfilePicUrl"",""latestComments/9/ownerUsername"",""latestComments/9/replies"",""latestComments/9/repliesCount"",""latestComments/9/text"",""latestComments/9/timestamp"",""latestComments/10/id"",""latestComments/10/likesCount"",""latestComments/10/owner/full_name"",""latestComments/10/owner/id"",""latestComments/10/owner/is_mentionable"",""latestComments/10/owner/is_private"",""latestComments/10/owner/is_verified"",""latestComments/10/owner/latest_reel_media"",""latestComments/10/owner/profile_pic_id"",""latestComments/10/owner/profile_pic_url"",""latestComments/10/owner/username"",""latestComments/10/ownerProfilePicUrl"",""latestComments/10/ownerUsername"",""latestComments/10/replies"",""latestComments/10/repliesCount"",""latestComments/10/text"",""latestComments/10/timestamp"",""latestComments/11/id"",""latestComments/11/likesCount"",""latestComments/11/owner/full_name"",""latestComments/11/owner/id"",""latestComments/11/owner/is_mentionable"",""latestComments/11/owner/is_private"",""latestComments/11/owner/is_verified"",""latestComments/11/owner/latest_reel_media"",""latestComments/11/owner/profile_pic_id"",""latestComments/11/owner/profile_pic_url"",""latestComments/11/owner/username"",""latestComments/11/ownerProfilePicUrl"",""latestComments/11/ownerUsername"",""latestComments/11/replies"",""latestComments/11/repliesCount"",""latestComments/11/text"",""latestComments/11/timestamp"",""latestComments/12/id"",""latestComments/12/likesCount"",""latestComments/12/owner/full_name"",""latestComments/12/owner/id"",""latestComments/12/owner/is_mentionable"",""latestComments/12/owner/is_private"",""latestComments/12/owner/is_verified"",""latestComments/12/owner/latest_reel_media"",""latestComments/12/owner/profile_pic_id"",""latestComments/12/owner/profile_pic_url"",""latestComments/12/owner/username"",""latestComments/12/ownerProfilePicUrl"",""latestComments/12/ownerUsername"",""latestComments/12/replies"",""latestComments/12/repliesCount"",""latestComments/12/text"",""latestComments/12/timestamp"",""latestComments/13/id"",""latestComments/13/likesCount"",""latestComments/13/owner/full_name"",""latestComments/13/owner/id"",""latestComments/13/owner/is_mentionable"",""latestComments/13/owner/is_private"",""latestComments/13/owner/is_verified"",""latestComments/13/owner/latest_reel_media"",""latestComments/13/owner/profile_pic_id"",""latestComments/13/owner/profile_pic_url"",""latestComments/13/owner/username"",""latestComments/13/ownerProfilePicUrl"",""latestComments/13/ownerUsername"",""latestComments/13/replies"",""latestComments/13/repliesCount"",""latestComments/13/text"",""latestComments/13/timestamp"",""latestComments/14/id"",""latestComments/14/likesCount"",""latestComments/14/owner/full_name"",""latestComments/14/owner/id"",""latestComments/14/owner/is_mentionable"",""latestComments/14/owner/is_private"",""latestComments/14/owner/is_verified"",""latestComments/14/owner/latest_reel_media"",""latestComments/14/owner/profile_pic_id"",""latestComments/14/owner/profile_pic_url"",""latestComments/14/owner/username"",""latestComments/14/ownerProfilePicUrl"",""latestComments/14/ownerUsername"",""latestComments/14/replies"",""latestComments/14/repliesCount"",""latestComments/14/text"",""latestComments/14/timestamp"",""likesCount"",""locationId"",""locationName"",""mentions/0"",""mentions/1"",""musicInfo/artist_name"",""musicInfo/audio_id"",""musicInfo/should_mute_audio"",""musicInfo/should_mute_audio_reason"",""musicInfo/song_name"",""musicInfo/uses_original_audio"",""originalHeight"",""originalWidth"",""ownerFullName"",""ownerId"",""ownerUsername"",""productType"",""shortCode"",""taggedUsers/0/full_name"",""taggedUsers/0/id"",""taggedUsers/0/is_verified"",""taggedUsers/0/profile_pic_url"",""taggedUsers/0/username"",""taggedUsers/1/full_name"",""taggedUsers/1/id"",""taggedUsers/1/is_verified"",""taggedUsers/1/profile_pic_url"",""taggedUsers/1/username"",""taggedUsers/2/full_name"",""taggedUsers/2/id"",""taggedUsers/2/is_verified"",""taggedUsers/2/profile_pic_url"",""taggedUsers/2/username"",""timestamp"",""type"",""url"",""videoDuration"",""videoPlayCount"",""videoUrl"",""videoViewCount""]","{""alt"":0,""audioUrl"":13,""caption"":0,""childPosts/0/alt"":22,""childPosts/0/caption"":26,""childPosts/0/commentsCount"":22,""childPosts/0/dimensionsHeight"":22,""childPosts/0/dimensionsWidth"":22,""childPosts/0/displayUrl"":22,""childPosts/0/firstComment"":26,""childPosts/0/id"":22,""childPosts/0/likesCount"":22,""childPosts/0/originalHeight"":22,""childPosts/0/originalWidth"":22,""childPosts/0/ownerId"":22,""childPosts/0/ownerUsername"":22,""childPosts/0/shortCode"":22,""childPosts/0/timestamp"":22,""childPosts/0/type"":22,""childPosts/0/url"":22,""childPosts/1/alt"":22,""childPosts/1/caption"":26,""childPosts/1/commentsCount"":22,""childPosts/1/dimensionsHeight"":22,""childPosts/1/dimensionsWidth"":22,""childPosts/1/displayUrl"":22,""childPosts/1/firstComment"":26,""childPosts/1/id"":22,""childPosts/1/likesCount"":22,""childPosts/1/originalHeight"":22,""childPosts/1/originalWidth"":22,""childPosts/1/ownerId"":22,""childPosts/1/ownerUsername"":22,""childPosts/1/shortCode"":22,""childPosts/1/timestamp"":22,""childPosts/1/type"":22,""childPosts/1/url"":22,""childPosts/2/alt"":23,""childPosts/2/caption"":26,""childPosts/2/commentsCount"":23,""childPosts/2/dimensionsHeight"":23,""childPosts/2/dimensionsWidth"":23,""childPosts/2/displayUrl"":23,""childPosts/2/firstComment"":26,""childPosts/2/id"":23,""childPosts/2/likesCount"":23,""childPosts/2/originalHeight"":23,""childPosts/2/originalWidth"":23,""childPosts/2/ownerId"":23,""childPosts/2/ownerUsername"":23,""childPosts/2/shortCode"":23,""childPosts/2/timestamp"":23,""childPosts/2/type"":23,""childPosts/2/url"":23,""childPosts/3/alt"":25,""childPosts/3/caption"":26,""childPosts/3/commentsCount"":25,""childPosts/3/dimensionsHeight"":25,""childPosts/3/dimensionsWidth"":25,""childPosts/3/displayUrl"":25,""childPosts/3/firstComment"":26,""childPosts/3/id"":25,""childPosts/3/likesCount"":25,""childPosts/3/originalHeight"":25,""childPosts/3/originalWidth"":25,""childPosts/3/ownerId"":25,""childPosts/3/ownerUsername"":25,""childPosts/3/shortCode"":25,""childPosts/3/timestamp"":25,""childPosts/3/type"":25,""childPosts/3/url"":25,""coauthorProducers/0/__typename"":23,""coauthorProducers/0/full_name"":23,""coauthorProducers/0/id"":23,""coauthorProducers/0/is_unpublished"":23,""coauthorProducers/0/is_verified"":23,""coauthorProducers/0/pk"":23,""coauthorProducers/0/profile_pic_url"":23,""coauthorProducers/0/username"":23,""coauthorProducers/1/__typename"":25,""coauthorProducers/1/full_name"":25,""coauthorProducers/1/id"":25,""coauthorProducers/1/is_unpublished"":25,""coauthorProducers/1/is_verified"":25,""coauthorProducers/1/pk"":25,""coauthorProducers/1/profile_pic_url"":25,""coauthorProducers/1/username"":25,""commentsCount"":0,""dimensionsHeight"":0,""dimensionsWidth"":0,""displayUrl"":0,""firstComment"":10,""hashtags/0"":9,""hashtags/1"":9,""hashtags/2"":10,""hashtags/3"":10,""hashtags/4"":22,""id"":0,""images/0"":22,""images/1"":22,""images/2"":23,""images/3"":25,""inputUrl"":0,""isCommentsDisabled"":0,""isPinned"":23,""latestComments/0/id"":10,""latestComments/0/likesCount"":10,""latestComments/0/owner/full_name"":26,""latestComments/0/owner/id"":10,""latestComments/0/owner/is_mentionable"":26,""latestComments/0/owner/is_private"":26,""latestComments/0/owner/is_verified"":10,""latestComments/0/owner/latest_reel_media"":26,""latestComments/0/owner/profile_pic_id"":26,""latestComments/0/owner/profile_pic_url"":10,""latestComments/0/owner/username"":10,""latestComments/0/ownerProfilePicUrl"":10,""latestComments/0/ownerUsername"":10,""latestComments/0/replies"":26,""latestComments/0/repliesCount"":26,""latestComments/0/text"":10,""latestComments/0/timestamp"":10,""latestComments/1/id"":12,""latestComments/1/likesCount"":12,""latestComments/1/owner/full_name"":26,""latestComments/1/owner/id"":12,""latestComments/1/owner/is_mentionable"":26,""latestComments/1/owner/is_private"":26,""latestComments/1/owner/is_verified"":12,""latestComments/1/owner/latest_reel_media"":26,""latestComments/1/owner/profile_pic_id"":26,""latestComments/1/owner/profile_pic_url"":12,""latestComments/1/owner/username"":12,""latestComments/1/ownerProfilePicUrl"":12,""latestComments/1/ownerUsername"":12,""latestComments/1/replies"":26,""latestComments/1/repliesCount"":26,""latestComments/1/text"":12,""latestComments/1/timestamp"":12,""latestComments/2/id"":17,""latestComments/2/likesCount"":17,""latestComments/2/owner/full_name"":26,""latestComments/2/owner/id"":17,""latestComments/2/owner/is_mentionable"":26,""latestComments/2/owner/is_private"":26,""latestComments/2/owner/is_verified"":17,""latestComments/2/owner/latest_reel_media"":26,""latestComments/2/owner/profile_pic_id"":26,""latestComments/2/owner/profile_pic_url"":17,""latestComments/2/owner/username"":17,""latestComments/2/ownerProfilePicUrl"":17,""latestComments/2/ownerUsername"":17,""latestComments/2/replies"":26,""latestComments/2/repliesCount"":26,""latestComments/2/text"":17,""latestComments/2/timestamp"":17,""latestComments/3/id"":19,""latestComments/3/likesCount"":19,""latestComments/3/owner/full_name"":26,""latestComments/3/owner/id"":19,""latestComments/3/owner/is_mentionable"":26,""latestComments/3/owner/is_private"":26,""latestComments/3/owner/is_verified"":19,""latestComments/3/owner/latest_reel_media"":26,""latestComments/3/owner/profile_pic_id"":26,""latestComments/3/owner/profile_pic_url"":19,""latestComments/3/owner/username"":19,""latestComments/3/ownerProfilePicUrl"":19,""latestComments/3/ownerUsername"":19,""latestComments/3/replies"":26,""latestComments/3/repliesCount"":26,""latestComments/3/text"":19,""latestComments/3/timestamp"":19,""latestComments/4/id"":20,""latestComments/4/likesCount"":20,""latestComments/4/owner/full_name"":26,""latestComments/4/owner/id"":20,""latestComments/4/owner/is_mentionable"":26,""latestComments/4/owner/is_private"":26,""latestComments/4/owner/is_verified"":20,""latestComments/4/owner/latest_reel_media"":26,""latestComments/4/owner/profile_pic_id"":26,""latestComments/4/owner/profile_pic_url"":20,""latestComments/4/owner/username"":20,""latestComments/4/ownerProfilePicUrl"":20,""latestComments/4/ownerUsername"":20,""latestComments/4/replies"":26,""latestComments/4/repliesCount"":26,""latestComments/4/text"":20,""latestComments/4/timestamp"":20,""latestComments/5/id"":20,""latestComments/5/likesCount"":20,""latestComments/5/owner/full_name"":26,""latestComments/5/owner/id"":20,""latestComments/5/owner/is_mentionable"":26,""latestComments/5/owner/is_private"":26,""latestComments/5/owner/is_verified"":20,""latestComments/5/owner/latest_reel_media"":26,""latestComments/5/owner/profile_pic_id"":26,""latestComments/5/owner/profile_pic_url"":20,""latestComments/5/owner/username"":20,""latestComments/5/ownerProfilePicUrl"":20,""latestComments/5/ownerUsername"":20,""latestComments/5/replies"":26,""latestComments/5/repliesCount"":26,""latestComments/5/text"":20,""latestComments/5/timestamp"":20,""latestComments/6/id"":20,""latestComments/6/likesCount"":20,""latestComments/6/owner/full_name"":26,""latestComments/6/owner/id"":20,""latestComments/6/owner/is_mentionable"":26,""latestComments/6/owner/is_private"":26,""latestComments/6/owner/is_verified"":20,""latestComments/6/owner/latest_reel_media"":26,""latestComments/6/owner/profile_pic_id"":26,""latestComments/6/owner/profile_pic_url"":20,""latestComments/6/owner/username"":20,""latestComments/6/ownerProfilePicUrl"":20,""latestComments/6/ownerUsername"":20,""latestComments/6/replies"":26,""latestComments/6/repliesCount"":26,""latestComments/6/text"":20,""latestComments/6/timestamp"":20,""latestComments/7/id"":20,""latestComments/7/likesCount"":20,""latestComments/7/owner/full_name"":26,""latestComments/7/owner/id"":20,""latestComments/7/owner/is_mentionable"":26,""latestComments/7/owner/is_private"":26,""latestComments/7/owner/is_verified"":20,""latestComments/7/owner/latest_reel_media"":26,""latestComments/7/owner/profile_pic_id"":26,""latestComments/7/owner/profile_pic_url"":20,""latestComments/7/owner/username"":20,""latestComments/7/ownerProfilePicUrl"":20,""latestComments/7/ownerUsername"":20,""latestComments/7/replies"":26,""latestComments/7/repliesCount"":26,""latestComments/7/text"":20,""latestComments/7/timestamp"":20,""latestComments/8/id"":20,""latestComments/8/likesCount"":20,""latestComments/8/owner/full_name"":26,""latestComments/8/owner/id"":20,""latestComments/8/owner/is_mentionable"":26,""latestComments/8/owner/is_private"":26,""latestComments/8/owner/is_verified"":20,""latestComments/8/owner/latest_reel_media"":26,""latestComments/8/owner/profile_pic_id"":26,""latestComments/8/owner/profile_pic_url"":20,""latestComments/8/owner/username"":20,""latestComments/8/ownerProfilePicUrl"":20,""latestComments/8/ownerUsername"":20,""latestComments/8/replies"":26,""latestComments/8/repliesCount"":26,""latestComments/8/text"":20,""latestComments/8/timestamp"":20,""latestComments/9/id"":20,""latestComments/9/likesCount"":20,""latestComments/9/owner/full_name"":26,""latestComments/9/owner/id"":20,""latestComments/9/owner/is_mentionable"":26,""latestComments/9/owner/is_private"":26,""latestComments/9/owner/is_verified"":20,""latestComments/9/owner/latest_reel_media"":26,""latestComments/9/owner/profile_pic_id"":26,""latestComments/9/owner/profile_pic_url"":20,""latestComments/9/owner/username"":20,""latestComments/9/ownerProfilePicUrl"":20,""latestComments/9/ownerUsername"":20,""latestComments/9/replies"":26,""latestComments/9/repliesCount"":26,""latestComments/9/text"":20,""latestComments/9/timestamp"":20,""latestComments/10/id"":21,""latestComments/10/likesCount"":21,""latestComments/10/owner/full_name"":26,""latestComments/10/owner/id"":21,""latestComments/10/owner/is_mentionable"":26,""latestComments/10/owner/is_private"":26,""latestComments/10/owner/is_verified"":21,""latestComments/10/owner/latest_reel_media"":26,""latestComments/10/owner/profile_pic_id"":26,""latestComments/10/owner/profile_pic_url"":21,""latestComments/10/owner/username"":21,""latestComments/10/ownerProfilePicUrl"":21,""latestComments/10/ownerUsername"":21,""latestComments/10/replies"":26,""latestComments/10/repliesCount"":26,""latestComments/10/text"":21,""latestComments/10/timestamp"":21,""latestComments/11/id"":21,""latestComments/11/likesCount"":21,""latestComments/11/owner/full_name"":26,""latestComments/11/owner/id"":21,""latestComments/11/owner/is_mentionable"":26,""latestComments/11/owner/is_private"":26,""latestComments/11/owner/is_verified"":21,""latestComments/11/owner/latest_reel_media"":26,""latestComments/11/owner/profile_pic_id"":26,""latestComments/11/owner/profile_pic_url"":21,""latestComments/11/owner/username"":21,""latestComments/11/ownerProfilePicUrl"":21,""latestComments/11/ownerUsername"":21,""latestComments/11/replies"":26,""latestComments/11/repliesCount"":26,""latestComments/11/text"":21,""latestComments/11/timestamp"":21,""latestComments/12/id"":21,""latestComments/12/likesCount"":21,""latestComments/12/owner/full_name"":26,""latestComments/12/owner/id"":21,""latestComments/12/owner/is_mentionable"":26,""latestComments/12/owner/is_private"":26,""latestComments/12/owner/is_verified"":21,""latestComments/12/owner/latest_reel_media"":26,""latestComments/12/owner/profile_pic_id"":26,""latestComments/12/owner/profile_pic_url"":21,""latestComments/12/owner/username"":21,""latestComments/12/ownerProfilePicUrl"":21,""latestComments/12/ownerUsername"":21,""latestComments/12/replies"":26,""latestComments/12/repliesCount"":26,""latestComments/12/text"":21,""latestComments/12/timestamp"":21,""latestComments/13/id"":21,""latestComments/13/likesCount"":21,""latestComments/13/owner/full_name"":26,""latestComments/13/owner/id"":21,""latestComments/13/owner/is_mentionable"":26,""latestComments/13/owner/is_private"":26,""latestComments/13/owner/is_verified"":21,""latestComments/13/owner/latest_reel_media"":26,""latestComments/13/owner/profile_pic_id"":26,""latestComments/13/owner/profile_pic_url"":21,""latestComments/13/owner/username"":21,""latestComments/13/ownerProfilePicUrl"":21,""latestComments/13/ownerUsername"":21,""latestComments/13/replies"":26,""latestComments/13/repliesCount"":26,""latestComments/13/text"":21,""latestComments/13/timestamp"":21,""latestComments/14/id"":22,""latestComments/14/likesCount"":22,""latestComments/14/owner/full_name"":26,""latestComments/14/owner/id"":22,""latestComments/14/owner/is_mentionable"":26,""latestComments/14/owner/is_private"":26,""latestComments/14/owner/is_verified"":22,""latestComments/14/owner/latest_reel_media"":26,""latestComments/14/owner/profile_pic_id"":26,""latestComments/14/owner/profile_pic_url"":22,""latestComments/14/owner/username"":22,""latestComments/14/ownerProfilePicUrl"":22,""latestComments/14/ownerUsername"":22,""latestComments/14/replies"":26,""latestComments/14/repliesCount"":26,""latestComments/14/text"":22,""latestComments/14/timestamp"":22,""likesCount"":0,""locationId"":25,""locationName"":25,""mentions/0"":15,""mentions/1"":25,""musicInfo/artist_name"":13,""musicInfo/audio_id"":13,""musicInfo/should_mute_audio"":13,""musicInfo/should_mute_audio_reason"":26,""musicInfo/song_name"":13,""musicInfo/uses_original_audio"":13,""originalHeight"":0,""originalWidth"":0,""ownerFullName"":0,""ownerId"":0,""ownerUsername"":0,""productType"":0,""shortCode"":0,""taggedUsers/0/full_name"":23,""taggedUsers/0/id"":23,""taggedUsers/0/is_verified"":23,""taggedUsers/0/profile_pic_url"":23,""taggedUsers/0/username"":23,""taggedUsers/1/full_name"":24,""taggedUsers/1/id"":24,""taggedUsers/1/is_verified"":24,""taggedUsers/1/profile_pic_url"":24,""taggedUsers/1/username"":24,""taggedUsers/2/full_name"":25,""taggedUsers/2/id"":25,""taggedUsers/2/is_verified"":25,""taggedUsers/2/profile_pic_url"":25,""taggedUsers/2/username"":25,""timestamp"":0,""type"":0,""url"":0,""videoDuration"":13,""videoPlayCount"":13,""videoUrl"":13,""videoViewCount"":13}",0,"No; real Apify export (mostly brand posts/captions, not representative customer opinion)",Tata Motors Buses & Vans; NueGo; 2 unrelated/non-core accounts also present,Instagram,Post timestamps 2025-09-23 to 2026-07-07; captured recent-comment timestamps 2026-05-22 to 2026-07-08,Raw evidence/archive; extract audience comments separately before analysis
files/dataset_youtube-comments-scraper_2026-07-08_05-29-21-490.csv,519,14,"[""author"",""authorIsChannelOwner"",""cid"",""comment"",""commentsCount"",""hasCreatorHeart"",""pageUrl"",""publishedTimeText"",""replyCount"",""replyToCid"",""title"",""type"",""videoId"",""voteCount""]","{""author"":0,""authorIsChannelOwner"":0,""cid"":0,""comment"":0,""commentsCount"":0,""hasCreatorHeart"":0,""pageUrl"":0,""publishedTimeText"":0,""replyCount"":0,""replyToCid"":451,""title"":0,""type"":0,""videoId"":0,""voteCount"":0}",0,No; real Apify export,General Indian EV-bus discussion; video titles include market explainer/Bharat Mobility; OEM attribution not row-tagged,YouTube,Relative labels only: 3 days ago to 9 months ago (no scrape-time-normalized date column),Authoritative raw YouTube source for reproducible text ingestion
files/ebus_opinions.csv,170,6,"[""Text"",""source"",""brand"",""entity_type"",""url"",""date""]","{""Text"":0,""source"":0,""brand"":0,""entity_type"":0,""url"":0,""date"":0}",0,"Not labeled sample, but AI/Manus-compiled excerpts; authenticity/provenance must be verified",NueGo 60; Olectra 20; Tata 20; JBM 20; PMI 20; EKA 10; Switch 10; General 10,"Team-BHP, MouthShut, Reddit, forums, Facebook, LinkedIn, YouTube, news, Instagram, Quora, review/employer sites",2019-03-06 to 2026-07-03,Supplementary qualitative reference pending quote/URL verification
files/ev_bus_tenders_CORRECTED.csv,10,14,"[""tender_name"",""scheme"",""aggregator_or_authority"",""cities"",""bus_count"",""winning_OEM"",""oem_award_units"",""other_bidders_excluded"",""price_note"",""award_date"",""buses_deployed_to_date"",""notes"",""source_url"",""source_date""]","{""tender_name"":0,""scheme"":0,""aggregator_or_authority"":0,""cities"":0,""bus_count"":0,""winning_OEM"":0,""oem_award_units"":6,""other_bidders_excluded"":6,""price_note"":2,""award_date"":0,""buses_deployed_to_date"":1,""notes"":4,""source_url"":0,""source_date"":0}",0,No; corrected research compilation,"PMI, EKA, Olectra, Anthony Travels; five city rows explicitly say OEM not disclosed",Web/news research sources,Awards 2025-12-24 (9 dated rows); source dates 2025-11-03 to 2025-12-26,"Authoritative tender table within this repository, subject to external source verification later"
files/ev_bus_tenders_ORIGINAL_manus.csv,8,18,"[""tender_name"",""scheme"",""aggregator_or_authority"",""state"",""city"",""bus_count"",""bus_type"",""spec"",""gcc_or_outright"",""winning_OEM"",""other_bidders"",""L1_rate"",""award_date"",""buses_deployed_to_date"",""deployment_gap"",""source_url"",""source_date"",""notes""]","{""tender_name"":0,""scheme"":0,""aggregator_or_authority"":0,""state"":0,""city"":0,""bus_count"":0,""bus_type"":0,""spec"":0,""gcc_or_outright"":0,""winning_OEM"":0,""other_bidders"":0,""L1_rate"":1,""award_date"":0,""buses_deployed_to_date"":0,""deployment_gap"":0,""source_url"":0,""source_date"":0,""notes"":0}",0,"No label, but contains known fabricated/unsupported city-to-OEM attribution and estimated values","PMI, EKA, Olectra, Anthony Travels, Tata, JBM; TBD",Web/news research sources,Award dates 2019-03-01 to 2025-12-25; source dates 2025-07-22 to 2026-01-06,Retain only as provenance/error history; exclude from findings
files/ev_bus_text_corpus.csv,548,7,"[""Text"",""source"",""brand"",""entity_type"",""url"",""date"",""camp""]","{""Text"":0,""source"":0,""brand"":0,""entity_type"":0,""url"":379,""date"":379,""camp"":0}",0,No; derived mixed-provenance corpus,General 382; NueGo 66; Olectra 20; Tata 20; JBM 20; PMI 20; Switch 10; EKA 9; Tata Motors 1,"YouTube, Team-BHP, MouthShut, Reddit, forums, Instagram, Facebook, LinkedIn, news, Quora and others",2019-03-06 to 2026-07-03 for 169 rows; 379 rows missing date,"Authoritative current analysis input, with mixed-provenance flag and lineage caveat"
files/market_policy_facts.csv,21,7,"[""metric"",""value"",""unit"",""year"",""geography"",""source_url"",""source_date""]","{""metric"":0,""value"":0,""unit"":0,""year"":0,""geography"":0,""source_url"":0,""source_date"":0}",0,No; research/AI-compiled fact table; includes prompt-text source row,No row-level OEMs; Indian market and schemes,Government and market-research web sources,Claim years include 2024–2030 and ranges; source dates 2024-09-12 to 2026-07-08,Reference fact table pending primary-source validation
files/oem_benchmark.csv,7,20,"[""OEM"",""ownership_backing"",""cumulative_ebus_orders"",""est_market_share_pct"",""manufacturing_capacity_units_yr"",""flagship_models"",""range_km"",""battery_kwh"",""charging_time"",""charging_type"",""seating"",""warranty_years"",""typical_price_or_gcc_rate"",""battery_partner"",""charging_partner"",""financing_partner"",""key_STU_customers"",""localization_notes"",""source_urls"",""source_date""]","{""OEM"":0,""ownership_backing"":0,""cumulative_ebus_orders"":0,""est_market_share_pct"":1,""manufacturing_capacity_units_yr"":0,""flagship_models"":0,""range_km"":0,""battery_kwh"":0,""charging_time"":0,""charging_type"":0,""seating"":0,""warranty_years"":0,""typical_price_or_gcc_rate"":0,""battery_partner"":0,""charging_partner"":0,""financing_partner"":0,""key_STU_customers"":0,""localization_notes"":0,""source_urls"":0,""source_date"":0}",0,No; research/AI-compiled benchmark with internally inconsistent share estimates,"PMI, EKA, Olectra, Tata Motors, JBM Auto, Switch Mobility, VECV","News, think-tank and market-research web sources",Source dates 2024-10-11 to 2026-07-06,Reference benchmark pending reconciliation of market share/orders
